id;amount;auth_no;credit_amount;fund_amount;gmt_trans;operation_id;out_order_no;out_request_no;payer_user_id;pre_auth_type;status
1;dot-com payment Libyan Dinar;white sensor local;calculate;Chips;Villages uniform PCI;Automotive Tactics architectures;Wisconsin Facilitator Incredible;reinvent;eco-centric Bedfordshire mesh;Configuration UIC-Franc;Ergonomic Concrete Soap Zambian Kwacha
2;Concrete Bedfordshire;portal calculating Metal;real-time discrete redundant;Synergistic Personal Loan Account Sleek;Borders;olive Handcrafted Cotton Bacon Unbranded Fresh Pants;incubate;interfaces;Garden Dale Wallis and Futuna;generating;Computers Small Fresh Gloves back-end
3;interface;compress lavender Investment Account;backing up;Iran;Philippine Peso Metal;Strategist;card Licensed Cotton Ball;mindshare Gorgeous;Chips;navigating;Som Rustic Frozen Keyboard ROI
4;Benin;Tuna Response invoice;alarm Jamaica;system Gorgeous Rubber Pants;hack;leading-edge;Ergonomic Steel Gloves;Developer Shoes Music;Buckinghamshire Hollow Shoes;withdrawal Generic Frozen Tuna;Gorgeous Cotton Chair Personal Loan Account Borders
5;Norfolk Island Chilean Peso Unidades de fomento Checking Account;invoice Outdoors New York;multi-byte Jamaican Dollar North Carolina;Station;parsing Investment Account;Branding Dynamic black;yellow;Books Generic;robust withdrawal generate;Garden open-source hybrid;Solomon Islands Dollar
6;Personal Loan Account HTTP;schemas Specialist China;quantify multi-byte;interface Cotton Robust;user-centric Infrastructure;Managed Dobra application;Fantastic;Liechtenstein Buckinghamshire monetize;Direct;Small Frozen Salad bypassing;time-frame Quality
7;Borders Borders Practical;methodical;Pakistan;parse;neural Wooden Optimization;Tasty Rubber Car mindshare EXE;bandwidth Liaison;program Auto Loan Account Refined;infomediaries;Fantastic Fresh Salad;Steel Avon Visionary
8;exploit transition;User-centric Principal Pennsylvania;repurpose Sleek;mesh system Triple-buffered;Cotton;Advanced grow;Handmade Wooden Cheese Fresh;input Naira;Markets;Glen Refined;Mandatory Assistant
9;Strategist;Incredible Fresh Car Tuvalu;Senior Optional Yemeni Rial;Central African Republic;magenta heuristic;Credit Card Account Maryland Legacy;Product;Brand Regional Court;B2B Mouse;Junctions one-to-one;analyzing holistic
10;Architect;Beauty dynamic schemas;Pound Sterling Keyboard;Licensed Usability models;Personal Loan Account markets;SCSI Aruba Chair;drive online;Liaison engage navigate;Assistant generating;Practical Steel Shirt Plastic Movies;SMS
