id;user_id;avatar;nick_name;mobile;gender;country_code;province;city;access_token;auth_token_type;expires_in;alipay_user_id;re_expires_in;refresh_token
1;pixel Phased payment;Towels Internal;seize generate;Fantastic Wooden Chips microchip;Generic;RW;Fantastic Fresh Ball;West Taylor;card Home Loan Account Applications;invoice Research;Bedfordshire 4th generation Equatorial Guinea;Auto Loan Account;indexing;Savings Account extensible connect
2;robust;interface Buckinghamshire;Investment Account Forge Licensed;auxiliary;Engineer Toys Fantastic;GD;solid state;Collinsfort;Cayman Islands Dollar Cocos (Keeling) Islands Awesome;USB alarm 1080p;feed invoice;Triple-buffered Borders magenta;Tasty Metal Chair Handcrafted Rubber Sausages Officer;Mississippi Product
3;Metal;complexity Direct Administrator;online program Refined Granite Gloves;quantifying Baby;one-to-one Connecticut;KN;SMS;Eusebioview;streamline Kansas haptic;bluetooth policy;Timor-Leste e-commerce;Inverse Health JBOD;Outdoors;Holy See (Vatican City State)
4;Data Tasty Steel Pants Licensed Steel Shirt;Manor;Utah zero defect;bypass e-services;Russian Federation program;AD;Inlet;West Royce;program;Gorgeous Steel Salad Associate;Fantastic whiteboard;lavender;neural Cloned Massachusetts;SCSI Communications Underpass
5;Officer parse;Intuitive;quantifying Phased connecting;Automated;architect;AR;Accounts;Heidenreichfort;invoice;EXE;Personal Loan Account Chile foreground;connect Zimbabwe Dollar;Forward;Pre-emptive Reduced
6;Kids Customer;Practical AI didactic;Tunnel;Configuration;Jewelery monitoring Infrastructure;PS;fresh-thinking;West Abigayle;Saint Helena Pound;Borders;Integration;Bond Markets Units European Composite Unit (EURCO);Facilitator;Cambridgeshire
7;Borders Internal;open-source Ouguiya;AGP circuit;optical deposit;Pizza Fish next-generation;DK;Quality Generic El Salvador Colon US Dollar;East Shannonhaven;RSS Outdoors backing up;copying;reboot;Jewelery;synthesizing Bedfordshire;black
8;Money Market Account;New York Concrete expedite;Solomon Islands;Wooden radical Beauty;Facilitator 24/365;MY;Mobility;Lake Tressaville;bypass Paradigm Chicken;Handmade Rubber Shoes proactive Checking Account;SCSI;Technician Architect calculate;Auto Loan Account;Movies Sports
9;target;compress UAE Dirham Dam;Wells;partnerships Terrace Hat;calculating conglomeration bypassing;SA;Profound Plastic XSS;Corwintown;capacitor District;invoice unleash grid-enabled;groupware success program;teal Outdoors payment;Utah Mall;Liaison teal
10;Licensed Cheese Summit;back up Auto Loan Account;4th generation;Principal Savings Account online;Music Savings Account;MR;Mandatory Hawaii Networked;North Macistad;maximized;e-tailers Architect Chair;Handcrafted Cotton Shirt Walks;port payment;XSS solid state Handmade Granite Fish;Concrete
