id;order_title;out_order_no;out_request_no;payee_user_id;payee_logon_id;product_code;amount;extra_param;notify_url
1;mobile Fish;Home Loan Account Table Computer;Trace;Savings Account alarm;Tasty Metal Bacon;red Chips Soap;Home Loan Account;web-readiness;Namibia
2;Steel zero administration;Multi-channelled Licensed;grey Cambridgeshire;Canyon HDD;Table Small Frozen Sausages Planner;envisioneer Music Public-key;infomediaries;Investment Account;Games Regional Digitized
3;copy convergence;Mayotte;Industrial;connect Markets Chief;capacitor archive;sky blue Tasty Plastic Pizza;compress South Georgia and the South Sandwich Islands;compelling mission-critical;bifurcated scalable
4;Small;deliverables reinvent 24 hour;overriding;monitor 1080p Checking Account;world-class Frozen IB;Highway Ergonomic;moratorium moratorium;New York tangible Mississippi;Frozen bus
5;hard drive Robust Networked;Poland;Small partnerships;Outdoors;Harbor Montana;Corporate Phased relationships;white Brand Money Market Account;Salad Web virtual;Refined Squares
6;maroon;EXE projection Fresh;support Gorgeous;withdrawal;copying;ability Hat Iraq;magenta Concrete;User-centric Gloves;Mauritania
7;facilitate Tasty Concrete Chips Exclusive;Buckinghamshire capability zero tolerance;mission-critical;Berkshire Small Plastic Pants Investor;Canadian Dollar;Berkshire Designer;Credit Card Account;navigate;Re-contextualized
8;web-enabled invoice withdrawal;bypassing optical;installation;Argentine Peso;Kentucky Algerian Dinar Clothing;open-source turn-key;Sausages;disintermediate Cambridgeshire hacking;bricks-and-clicks Concrete Global
9;Fiji Dollar Profound Bacon;Macao Equatorial Guinea Vision-oriented;Agent;Human deposit;even-keeled Saint Helena Pound;Internal AI optical;bypassing Marketing;Dynamic Home Loan Account Tools;Branding
10;Home Gloves Latvia;Ports Manager Fish;Networked;Fish;payment calculating;local area network Benin;turn-key dedicated;Wisconsin;target Human withdrawal
