id;original_image;thumbnail;width;height;rank_order
1;China;quantify multi-byte;99050;73164;41261
2;incentivize;Louisiana JSON Texas;23859;42899;67984
3;application Configurable iterate;Berkshire navigating;32004;29763;89552
4;streamline;Interactions;84714;9128;35490
5;Usability;Applications Missouri deposit;44844;9170;29321
6;knowledge user Danish Krone;Data neural Wooden;93092;49442;97424
7;Designer;mindshare;88770;54591;35091
8;Frozen Metal program;SDD bypassing;42609;70096;22257
9;revolutionize;panel Sleek Intelligent;98663;58130;37427
10;transition open-source Interactions;Pennsylvania dynamic bandwidth;48166;77714;37798
